o,219058
d,139747
e,358902
r,155092
t,255297
u,82750
g,64819
h,193693
n,194055
i,181916
s,169243
b,45332
a,230810
y,58575
l,125072
c,66285
p,42195
m,63722
v,22068
f,53743
w,72207
k,37035
q,1659
x,3401
z,2610
ü,23
j,3309
od,4269
dd,3206
de,11610
er,47642
to,25590
ou,32606
ug,5310
gh,9689
ht,6625
on,25346
ri,12965
it,22340
ti,11755
is,19420
sh,11062
ib,1047
br,3015
ra,8992
ar,20752
ry,5803
at,27809
ta,8125
al,15856
lo,11924
og,1791
gu,1555
ui,1581
in,53038
ng,28339
ub,1097
bl,4647
li,12561
ic,10221
ca,8312
io,4294
te,19242
ep,3104
ph,829
he,88499
en,27760
tl,3395
le,17583
op,3613
py,251
yr,92
ig,7169
by,1808
ir,6740
rs,7219
st,21348
pr,3274
nt,13225
ed,33383
hi,28214
rd,4263
im,8276
mp,2269
re,34645
es,15641
ss,5544
si,6994
ct,3007
ob,1227
be,14371
ll,20124
ts,4170
se,15866
rv,506
ve,17581
pa,4313
rt,5377
of,15857
th,79452
pu,1930
ma,7751
ay,7984
ro,14304
du,962
uc,2911
ce,7696
or,20349
tr,5888
an,43620
ns,5265
sm,1759
mi,5471
tt,5922
ny,5122
fo,7697
rm,2411
me,17118
ea,18024
el,13084
ec,4616
ni,5584
ch,13730
ha,31534
nc,3956
cl,2987
lu,2106
ud,1791
di,8828
ho,13155
ot,11720
oc,1865
co,11615
nf,410
ag,4645
ge,7382
nd,31840
et,11755
ie,9473
ev,5838
va,591
sy,413
ys,1889
em,6682
wi,8101
ut,13253
pe,7646
wr,1499
fr,4350
om,12491
ai,10930
il,11065
oa,1807
ad,16233
un,9734
ee,12989
no,10814
ak,2971
ks,1701
ty,2689
tc,3893
hw,118
wo,7345
os,6117
ow,12996
wl,510
la,8691
yp,140
ur,7988
dm,318
mu,1920
ds,2907
uf,529
ff,2238
ol,7301
lk,1270
ia,2062
fi,4283
df,110
qu,1637
ua,1111
do,7094
ef,2736
fu,1870
ul,9253
ac,9532
ck,8939
kn,2755
dg,429
gm,45
ex,1910
xc,340
rp,624
pt,1202
wn,3855
ae,91
nl,2227
ey,6070
us,8953
tu,3423
rn,2679
xi,214
oe,1291
ms,1418
eo,1329
rg,1170
fe,4169
sl,2092
ne,15894
av,4294
vi,2273
id,11363
ei,2783
kb,48
bu,5335
lv,722
dl,1180
td,39
so,7928
am,5647
rl,2904
oo,13808
ok,6394
rr,3129
ru,2880
gs,1502
hr,2299
ap,3670
tf,153
ld,11056
na,3392
cu,1379
bb,625
rb,362
ba,5524
da,3467
ki,5692
pl,3887
as,25921
ew,3027
we,9254
ue,1748
tn,192
ip,1769
um,3885
iv,3351
rk,1820
ke,12549
mm,1079
eh,845
dy,1511
wa,21475
sc,2565
sp,3016
lm,898
rc,1032
ix,751
xo,25
hs,253
oi,2800
gg,1458
cy,281
nn,4393
pp,3348
ly,11158
ls,1928
dn,2264
hy,1070
au,3045
nk,3107
ka,431
gr,3300
pi,3591
po,4110
lp,467
up,4601
gn,492
rf,385
hu,3900
if,3642
ye,3252
oy,1556
yd,74
dw,157
gl,1599
bo,6393
my,1561
dr,3537
mo,6830
tw,1959
gi,2542
mb,1905
go,5075
af,1547
ft,2518
yo,7826
wh,9546
ab,3944
sk,2407
aw,3026
nb,253
lt,1846
eu,107
nv,363
kf,96
lb,221
eg,1656
fl,1975
su,3840
cr,3605
yi,1136
ps,1421
ov,3877
sa,8614
ga,3904
fa,4267
ws,717
sw,1028
lf,1646
nu,978
ek,536
ik,3787
mf,96
oz,347
zy,277
nz,115
za,196
mn,240
wd,101
ür,4
ci,2252
bi,2080
ky,592
rh,452
sn,1490
vo,1012
jo,489
tm,327
ju,2047
db,71
xp,574
ze,995
xa,267
hl,152
kl,529
ji,65
oh,243
hn,96
yn,86
ml,153
iz,796
uh,1112
ox,211
lw,498
xq,12
je,340
az,513
rj,21
ja,306
hg,49
fy,69
nm,79
yt,595
ym,205
sq,325
xh,54
ez,194
zl,90
zi,456
np,95
iw,16
ax,227
pn,28
xt,558
yb,798
lr,269
lc,411
cc,541
eb,515
xy,27
iq,54
ah,483
yw,306
eq,125
pm,34
ya,248
md,22
hb,112
zo,66
nh,157
rw,313
gy,127
nw,148
wy,41
uz,104
zz,256
bs,353
yf,43
kh,144
uy,296
tb,88
kw,111
xe,352
hm,145
vy,137
sd,44
sg,49
pf,26
nj,205
lg,102
yh,27
xu,58
mr,15
yl,153
bv,42
ko,76
hd,34
gt,119
fs,56
nr,1039
wk,55
yy,7
bj,72
oq,17
hk,39
km,41
wf,68
cs,108
wb,239
yc,116
uv,35
dh,123
aj,55
xb,3
sb,155
mw,3
kt,13
hh,46
nx,61
hf,56
lh,21
cn,10
uo,74
bt,119
tp,23
dp,71
ij,26
dt,18
pb,121
pk,13
vr,25
ii,141
tz,37
sf,87
iu,102
fc,11
fb,4
wj,6
ej,40
hq,9
vu,63
yu,34
kd,8
wu,140
bh,60
wt,37
gf,31
fw,45
kp,18
uk,72
dv,78
oj,21
ku,76
ao,168
yq,1
aa,65
bc,20
tg,57
mt,20
bd,9
ux,70
sv,11
dc,43
yz,8
pc,26
yk,1
ln,39
nq,43
bn,5
ww,8
yg,20
aq,23
pd,41
vv,57
bm,14
cq,30
kg,7
pw,37
gw,13
wp,25
sr,33
xf,3
bw,24
zu,24
zw,1
wm,96
gp,16
fh,4
mj,1
jn,1
hc,22
xl,4
cm,3
sj,7
ih,99
dj,11
wz,6
fm,1
uj,1
bf,2
dk,22
rx,1
hp,15
zb,3
rq,16
xw,4
tk,3
wc,8
cz,1
yj,5
gj,10
jr,3
gb,11
kr,7
xx,6
vh,2
hü,19
üd,18
uu,26
fj,3
dz,1
mh,21
tv,4
üh,1
mc,5
uq,4
fd,1
fp,6
cw,1
wg,1
gd,3
kk,4
zm,2
vs,4
sz,1
dq,1
bz,1
fn,6
hv,3
xv,6
zv,1
pg,4
fg,1
yv,1
gk,1
iy,5
cv,3
vk,2
vd,1
xs,1
jl,1
vc,4
jj,5
xn,1
vp,7
jy,1
jw,1
jc,1
cf,3
vt,4
jt,1
jp,2
vf,1
jf,3
qt,1
tj,1
mk,1
vn,1
xg,1
pv,1
