u,23044
n,34361
z,6792
o,13993
g,17463
r,36381
e,53750
s,37888
ä,16014
p,4826
f,7682
i,51319
m,13391
t,33921
a,33162
k,3670
w,8173
l,19435
d,21652
h,30958
c,23939
b,8400
ö,2472
ü,6698
j,1683
v,3336
x,216
y,342
q,64
un,5216
zo,84
on,1145
ng,2101
gr,635
äp,44
pf,423
fu,448
ur,924
rä,840
ää,1118
äg,740
gg,1474
gi,1437
im,1776
te,3995
ei,6286
if,545
ff,684
fe,1204
as,3247
ss,3895
it,5561
tu,1629
ke,855
ee,2317
er,14246
re,2236
we,1987
em,1013
ma,1658
aa,4227
al,3295
wi,1955
id,1125
de,5395
ep,320
pp,723
pi,624
is,6263
wa,1841
ar,2127
rl,678
eh,532
hn,624
ne,2666
se,3255
el,2175
li,3470
ig,2840
at,1253
tt,1862
rh,329
ho,1171
oo,1800
or,1707
ru,1711
rm,436
os,984
sc,11499
ch,22865
ht,5823
th,222
ha,1661
lt,1204
gs,2267
si,2572
zw,371
hi,3462
ii,3033
in,6371
nu,1446
nn,2657
ab,928
be,2672
öi,256
ll,2979
he,5291
et,3953
üf,459
fg,126
hr,1504
ri,4109
ib,1008
bu,778
es,2902
ie,4101
ot,1368
du,1028
um,1792
am,1333
mm,1148
mu,1051
rj,52
jo,71
vi,408
il,1878
ti,2894
är,4891
no,603
dä,1150
än,1393
nt,2795
va,1144
hg,120
ik,225
kl,212
lu,830
ub,486
nd,6134
ra,2049
an,4307
nk,395
ku,202
uk,79
ka,353
su,1099
öü,760
ir,1026
rw,283
rk,258
ko,218
om,380
ad,422
da,2061
tw,188
wo,349
rt,2434
tl,402
ic,3463
hä,1030
lp,177
nm,44
us,1622
eu,546
fr,456
ej,60
je,510
gh,182
ec,429
di,2326
zl,63
le,2321
ts,1668
hs,395
gm,225
ac,1502
ed,869
pä,189
ul,360
eb,383
hu,1198
bä,599
ta,1364
iä,947
ni,2613
vä,210
rg,882
gä,793
äs,1328
ez,464
zz,693
ls,693
so,959
na,1263
ds,933
ld,553
ob,321
sä,659
ge,2803
ze,767
me,1697
bi,1396
ns,952
uf,1290
ww,615
ap,461
pa,662
iz,490
äl,671
mi,1818
st,1831
ga,1146
fi,449
hz,56
zg,96
rf,435
fa,631
tr,1214
tj,221
ji,586
rv,95
ip,175
pl,200
ms,174
rü,635
üü,724
ür,473
hc,398
dr,1154
iv,102
en,6568
üs,642
db,30
la,1340
uc,546
bs,369
do,273
oc,500
üd,80
gf,257
rp,94
lä,852
ät,732
tz,556
zu,782
ud,212
zt,218
dl,114
br,614
nä,732
äm,484
wä,651
tn,109
nf,126
eo,51
sf,61
ju,155
bl,248
lo,699
ia,296
rc,407
rn,722
nc,68
ct,15
lb,430
mb,195
nz,625
ve,795
rb,671
dü,217
üe,723
gn,235
rr,497
hk,22
bn,80
fd,53
fb,12
aw,40
mn,43
sv,35
vo,668
ol,1085
bg,91
go,231
dj,38
sü,158
üp,69
ba,324
iw,160
äb,594
og,223
gl,739
tk,13
bö,38
ös,125
äh,92
ek,168
av,60
au,1252
äu,112
ih,134
ef,267
nh,88
to,737
of,235
fl,334
ck,887
kt,457
sa,715
ag,1127
gt,255
zü,210
üc,332
ut,894
pö,4
ön,106
üh,121
ak,122
ue,246
gu,1081
hw,552
md,45
ör,197
üb,339
rs,1318
od,663
nb,89
eg,705
fä,356
hl,783
pr,762
rd,628
fü,276
bt,203
ah,219
hm,204
lz,255
ft,636
sp,289
oh,140
sb,112
ci,24
öx,3
lh,50
hö,191
öh,25
ey,36
tü,444
rz,495
gü,350
op,207
üö,732
af,603
dw,45
tm,133
ro,1002
mt,144
fn,58
ug,372
qu,35
üm,93
ml,106
nl,133
nr,162
wu,273
hp,890
za,190
kä,208
oa,23
ce,35
oi,205
pe,402
zi,482
bb,79
ex,129
xt,110
ai,184
ew,307
öt,367
kr,92
uv,54
vv,1
gc,51
mo,169
bü,69
üt,222
ül,77
hü,448
äj,52
jä,105
gw,178
äc,502
zä,281
ev,28
vu,13
io,245
sg,251
tä,736
äi,103
öc,59
pt,70
ks,81
ea,107
fo,153
lg,118
ün,159
tö,55
lc,193
pu,210
ui,153
sz,40
fz,28
zf,20
uz,84
öl,110
lü,202
ph,41
öz,17
tb,52
hj,62
uw,166
mä,455
sd,64
sw,190
mp,354
bw,14
zb,15
bo,187
uu,114
ög,62
eä,15
ki,89
po,180
fp,11
zj,87
ow,92
yo,22
ya,56
dd,45
td,87
sm,110
äd,162
üi,154
ij,99
wm,2
sl,139
ln,110
ua,92
lm,44
lf,160
uh,152
fs,54
bm,40
iu,160
sh,104
wj,17
wü,48
dt,35
lj,39
ux,8
vs,3
gj,84
az,127
lw,20
tg,95
sr,85
vr,18
dn,66
np,23
zs,61
uä,118
ja,189
kk,169
äa,16
dm,62
ok,53
hb,52
yr,5
fm,12
lr,23
ao,7
up,166
pn,9
zr,47
sn,69
lv,19
mc,12
mr,57
zn,19
äk,77
kb,13
zp,5
vl,7
gd,12
pm,7
zm,58
hh,35
mw,15
fc,9
gb,15
gk,93
tf,58
fh,19
zh,20
ov,36
zv,19
sk,64
äf,92
gö,5
wö,12
lö,83
öb,27
üä,117
iö,12
kz,18
nj,61
nw,29
cu,12
hf,21
äü,3
rö,132
vf,1
lk,66
ax,30
äz,54
nü,98
ps,63
ws,20
bz,18
iü,34
üo,229
uo,167
ry,28
üu,12
uü,7
xj,2
kj,15
tp,12
sj,42
mh,32
dg,25
tc,32
dz,19
äe,9
oz,124
üj,2
fj,47
jb,1
bv,6
oe,9
wg,6
zd,6
äw,16
kh,27
wy,2
yz,1
df,24
öu,15
js,6
üg,84
äö,2
öv,8
bc,21
dö,9
mü,180
tv,48
ay,26
yl,1
kv,2
kn,33
mk,17
äv,8
pü,17
öd,11
kd,5
pb,2
kg,13
ix,13
mg,27
ca,21
kc,18
vü,2
sö,25
wn,2
öm,19
kö,28
zk,4
xa,18
hd,20
pg,5
bh,27
dh,46
ük,5
öp,15
fk,9
eq,7
yn,9
mf,16
bf,6
ou,74
ly,11
yp,14
dv,23
pj,27
üw,25
öä,16
nv,21
aä,15
wt,14
uj,3
yt,4
üa,5
oj,20
pc,2
iy,5
ae,25
dk,6
fw,19
äx,6
mö,26
aö,7
mj,13
hv,8
vg,4
bd,10
dc,21
yh,1
bk,10
xe,13
öf,17
öö,42
xi,8
ym,9
tq,1
fv,4
ny,25
yd,22
xo,2
üz,18
yk,9
gy,7
kü,22
äo,3
ox,3
xy,1
wd,3
co,14
zö,26
uö,9
zc,9
aj,8
eö,1
cl,3
rq,2
dp,7
kf,8
km,2
gp,3
öa,2
xu,3
nö,14
öw,2
jü,8
bj,28
jr,1
jl,3
cp,1
wb,5
üv,1
cc,8
pz,2
cr,1
wr,6
uy,7
dy,4
pw,2
öj,3
qg,1
kw,9
wv,1
gz,14
vö,2
jj,5
sy,18
yc,4
oä,4
ty,4
wh,2
ye,17
oq,5
qn,4
qw,3
yi,1
gq,1
oy,21
ys,27
jy,4
zy,1
pq,2
sq,1
qy,2
yg,2
qa,1
yu,5
nq,3
py,4
qr,1
jk,1
uq,1
jd,2
my,5
aq,3
ql,1
lq,1
fy,1
jn,2
iq,8
yj,1
xp,3
mz,5
jt,1
vw,1
vn,1
wl,1
vy,2
yf,1
by,5
vd,2
fö,4
hq,1
aü,4
kp,2
eü,1
hy,3
ky,9
gv,4
xn,1
xä,2
yä,6
kq,2
pd,1
oö,1
vm,1
jö,1
jm,1
xw,1
cm,1
cj,1
xr,1
jc,1
öe,1
oü,1
